"taxon_id","rank","name","parent","count"
"29322","species","[Eubacterium] cellulosolvens","Eubacterium","572"
"1730","genus","Eubacterium","Eubacteriaceae","8514"
"186806","family","Eubacteriaceae","Clostridiales","8545"
"186802","order","Clostridiales","Clostridia","51797"
"186801","class","Clostridia","Firmicutes","51931"
"1239","phylum","Firmicutes","Bacteria","68341"
"629395","kingdom","Bacteria","","97714"
"36845","species","Clostridium intestinale","Clostridium","2737"
"1485","genus","Clostridium","Clostridiaceae","3960"
"31979","family","Clostridiaceae","Clostridiales","4320"
"91061","class","Bacilli","Firmicutes","6661"
"853","species","Faecalibacterium prausnitzii","Faecalibacterium","13973"
"216851","genus","Faecalibacterium","Ruminococcaceae","13973"
"541000","family","Ruminococcaceae","Clostridiales","19930"
"239935","species","Akkermansia muciniphila","Akkermansia","4570"
"239934","genus","Akkermansia","Akkermansiaceae","4570"
"1647988","family","Akkermansiaceae","Verrucomicrobiales","4570"
"48461","order","Verrucomicrobiales","Verrucomicrobiae","4572"
"203494","class","Verrucomicrobiae","Verrucomicrobia","4572"
"74201","phylum","Verrucomicrobia","Bacteria","4724"
"1549","species","[Clostridium] sporosphaeroides","Ruminiclostridium","246"
"1508657","genus","Ruminiclostridium","Ruminococcaceae","1133"
"1678","genus","Bifidobacterium","Bifidobacteriaceae","3878"
"31953","family","Bifidobacteriaceae","Bifidobacteriales","3923"
"85004","order","Bifidobacteriales","Actinobacteria","3923"
"201174","class","Actinobacteria","Actinobacteria","4107"
"201174","phylum","Actinobacteria","Bacteria","4326"
"1472765","species","Peptoniphilus obesi","Peptoniphilus","3"
"162289","genus","Peptoniphilus","Peptoniphilaceae","10"
"1570339","family","Peptoniphilaceae","Tissierellales","32"
"1737405","order","Tissierellales","Tissierellia","34"
"1737404","class","Tissierellia","Firmicutes","48"
"28051","species","Lachnospira multipara","Lachnospira","276"
"28050","genus","Lachnospira","Lachnospiraceae","313"
"186803","family","Lachnospiraceae","Clostridiales","9343"
"46503","species","Parabacteroides merdae","Parabacteroides","800"
"375288","genus","Parabacteroides","Porphyromonadaceae","1854"
"171551","family","Porphyromonadaceae","Bacteroidales","4289"
"171549","order","Bacteroidales","Bacteroidia","18032"
"200643","class","Bacteroidia","Bacteroidetes","18032"
"200643","phylum","Bacteroidetes","Bacteria","18118"
"820","species","Bacteroides uniformis","Bacteroides","2288"
"816","genus","Bacteroides","Bacteroidaceae","10332"
"815","family","Bacteroidaceae","Bacteroidales","10332"
"44749","species","Sporobacter termitidis","Sporobacter","911"
"44748","genus","Sporobacter","Ruminococcaceae","911"
"69824","species","[Clostridium] cocleatum","Erysipelatoclostridium","1949"
"1505663","genus","Erysipelatoclostridium","Erysipelotrichaceae","2234"
"128827","family","Erysipelotrichaceae","Erysipelotrichales","2324"
"526525","order","Erysipelotrichales","Erysipelotrichia","2324"
"526524","class","Erysipelotrichia","Firmicutes","2324"
"33039","species","[Ruminococcus] torques","Blautia","331"
"572511","genus","Blautia","Lachnospiraceae","1517"
"39485","species","[Eubacterium] eligens","Eubacterium","6485"
"186826","order","Lactobacillales","Bacilli","6037"
"453849","genus","Henriciella","Hyphomonadaceae","157"
"69657","family","Hyphomonadaceae","Rhodobacterales","161"
"204455","order","Rhodobacterales","Alphaproteobacteria","162"
"28211","class","Alphaproteobacteria","Proteobacteria","198"
"1224","phylum","Proteobacteria","Bacteria","1855"
"1301","genus","Streptococcus","Streptococcaceae","256"
"1300","family","Streptococcaceae","Lactobacillales","287"
"571438","species","Desulfovibrio legallii","Desulfovibrio","114"
"872","genus","Desulfovibrio","Desulfovibrionaceae","425"
"194924","family","Desulfovibrionaceae","Desulfovibrionales","431"
"213115","order","Desulfovibrionales","Deltaproteobacteria","433"
"28221","class","Deltaproteobacteria","Proteobacteria","465"
"871665","species","Blautia faecis","Blautia","340"
"265975","genus","Oribacterium","Lachnospiraceae","79"
"160404","species","[Clostridium] lactatifermentans","Tyzzerella","1009"
"1506577","genus","Tyzzerella","Lachnospiraceae","1260"
"215200","species","Peptostreptococcus russellii","Peptostreptococcus","6"
"1257","genus","Peptostreptococcus","Peptostreptococcaceae","6"
"186804","family","Peptostreptococcaceae","Clostridiales","386"
"1387297","species","Falsiporphyromonas endometrii","Falsiporphyromonas","813"
"1649291","genus","Falsiporphyromonas","Porphyromonadaceae","813"
"40518","species","Ruminococcus bromii","Ruminococcus","733"
"1263","genus","Ruminococcus","Ruminococcaceae","1849"
"33025","species","Phascolarctobacterium faecium","Phascolarctobacterium","866"
"33024","genus","Phascolarctobacterium","Acidaminococcaceae","875"
"909930","family","Acidaminococcaceae","Acidaminococcales","910"
"1843488","order","Acidaminococcales","Negativicutes","910"
"909932","class","Negativicutes","Firmicutes","1792"
"1082276","species","Hydrogenispora ethanolica","Hydrogenispora","4549"
"1501224","genus","Hydrogenispora","Firmicutes","4549"
"156456","species","Anaeroglobus geminatus","Anaeroglobus","420"
"156454","genus","Anaeroglobus","Veillonellaceae","420"
"31977","family","Veillonellaceae","Veillonellales","821"
"1843489","order","Veillonellales","Negativicutes","821"
"745368","species","Gemmiger formicilis","Gemmiger","560"
"204475","genus","Gemmiger","Ruminococcaceae","560"
"1118061","species","Alistipes obesi","Alistipes","554"
"239759","genus","Alistipes","Rikenellaceae","1280"
"171550","family","Rikenellaceae","Bacteroidales","1317"
"33043","species","Coprococcus eutactus","Coprococcus","995"
"33042","genus","Coprococcus","Lachnospiraceae","1463"
"1263547","species","Oscillibacter ruminantium","Oscillibacter","3149"
"459786","genus","Oscillibacter","Oscillospiraceae","5075"
"216572","family","Oscillospiraceae","Clostridiales","5075"
"487174","species","Barnesiella intestinihominis","Barnesiella","906"
"397864","genus","Barnesiella","Porphyromonadaceae","916"
"1505727","species","Bifidobacterium commune","Bifidobacterium","26"
"706562","species","Lactobacillus rogosae","Lactobacillus","1523"
"1578","genus","Lactobacillus","Lactobacillaceae","2166"
"33958","family","Lactobacillaceae","Lactobacillales","2204"
"1150298","species","Fusicatenibacter saccharivorans","Fusicatenibacter","360"
"1407607","genus","Fusicatenibacter","Lachnospiraceae","360"
"1264","species","Ruminococcus albus","Ruminococcus","224"
"823","species","Parabacteroides distasonis","Parabacteroides","905"
"105841","species","Anaerostipes caccae","Anaerostipes","369"
"207244","genus","Anaerostipes","Lachnospiraceae","528"
"592978","species","Ruminococcus faecis","Ruminococcus","208"
"246787","species","Bacteroides cellulosilyticus","Bacteroides","1419"
"87650","species","Facklamia sourekii","Facklamia","653"
"66831","genus","Facklamia","Aerococcaceae","715"
"186827","family","Aerococcaceae","Lactobacillales","740"
"310514","species","Prevotella multisaccharivorax","Prevotella","7"
"838","genus","Prevotella","Prevotellaceae","111"
"171552","family","Prevotellaceae","Bacteroidales","122"
"46254","genus","Oenococcus","Leuconostocaceae","13"
"81850","family","Leuconostocaceae","Lactobacillales","95"
"1161942","species","Ruminococcus champanellensis","Ruminococcus","459"
"1472417","species","Butyricimonas paravirosa","Butyricimonas","26"
"574697","genus","Butyricimonas","Odoribacteraceae","476"
"1853231","family","Odoribacteraceae","Bacteroidales","1876"
"487173","species","Dialister succinatiphilus","Dialister","215"
"39948","genus","Dialister","Veillonellaceae","249"
"253239","species","Ethanoligenens harbinense","Ethanoligenens","1157"
"253238","genus","Ethanoligenens","Ruminococcaceae","1157"
"821","species","Bacteroides vulgatus","Bacteroides","822"
"36835","species","[Clostridium] colinum","Tyzzerella","234"
"487175","species","Parasutterella excrementihominis","Parasutterella","706"
"577310","genus","Parasutterella","Sutterellaceae","706"
"995019","family","Sutterellaceae","Burkholderiales","835"
"80840","order","Burkholderiales","Betaproteobacteria","930"
"28216","class","Betaproteobacteria","Proteobacteria","939"
"938278","species","Casaltella massiliensis","Casaltella","1937"
"1715793","genus","Casaltella","Clostridiales Family XIII. Incertae Sedis","1937"
"543314","family","Clostridiales Family XIII. Incertae Sedis","Clostridiales","1992"
"1274384","species","Enterococcus alcedinis","Enterococcus","15"
"1350","genus","Enterococcus","Enterococcaceae","120"
"81852","family","Enterococcaceae","Lactobacillales","172"
"39484","species","Eubacterium desmolans","Eubacterium","471"
"28118","species","Odoribacter splanchnicus","Odoribacter","475"
"283168","genus","Odoribacter","Odoribacteraceae","1400"
"360807","species","Roseburia inulinivorans","Roseburia","344"
"841","genus","Roseburia","Lachnospiraceae","1091"
"1357","genus","Lactococcus","Streptococcaceae","26"
"201571","species","Desulfovibrio vietnamensis","Desulfovibrio","242"
"292800","species","Flavonifractor plautii","Flavonifractor","186"
"946234","genus","Flavonifractor","Clostridiales","186"
"265470","species","Desulfurispora thermophila","Desulfurispora","34"
"510701","genus","Desulfurispora","Peptococcaceae","34"
"186807","family","Peptococcaceae","Clostridiales","207"
"28052","species","Lachnospira pectinoschiza","Lachnospira","37"
"204516","species","Bacteroides massiliensis","Bacteroides","1839"
"2382","species","Acetitomaculum ruminis","Acetitomaculum","234"
"31980","genus","Acetitomaculum","Lachnospiraceae","234"
"53443","species","Blautia hydrogenotrophica","Blautia","350"
"39497","species","Eubacterium xylanophilum","Eubacterium","438"
"617123","species","Lachnoanaerobaculum umeaense","Lachnoanaerobaculum","49"
"1164882","genus","Lachnoanaerobaculum","Lachnospiraceae","101"
"29343","species","[Clostridium] cellulosi","Ruminiclostridium","219"
"671077","species","Caldinitratiruptor microaerophilus","Caldinitratiruptor","75"
"1006480","genus","Caldinitratiruptor","Symbiobacteriaceae","75"
"543349","family","Symbiobacteriaceae","Clostridiales","75"
"626933","species","Odoribacter laneus","Odoribacter","920"
"301302","species","Roseburia faecis","Roseburia","691"
"817","species","Bacteroides fragilis","Bacteroides","219"
"1297617","species","Intestinimonas butyriciproducens","Intestinimonas","163"
"1392389","genus","Intestinimonas","Clostridiales","163"
"39491","species","[Eubacterium] rectale","Lachnospiraceae","642"
"83526","species","Lactobacillus paralimentarius","Lactobacillus","18"
"310297","species","Bacteroides plebeius","Bacteroides","919"
"47678","species","Bacteroides caccae","Bacteroides","630"
"2173","species","Methanobrevibacter smithii","Methanobrevibacter","446"
"2172","genus","Methanobrevibacter","Methanobacteriaceae","447"
"2159","family","Methanobacteriaceae","Methanobacteriales","447"
"2158","order","Methanobacteriales","Methanobacteria","447"
"183925","class","Methanobacteria","Euryarchaeota","447"
"28890","phylum","Euryarchaeota","Archaea","476"
"2157","kingdom","Archaea","","476"
"29356","species","Clostridium chartatabidum","Clostridium","94"
"508460","species","Cloacibacillus evryensis","Cloacibacillus","42"
"508459","genus","Cloacibacillus","Synergistaceae","44"
"649777","family","Synergistaceae","Synergistales","53"
"649776","order","Synergistales","Synergistia","53"
"649775","class","Synergistia","Synergistetes","53"
"508458","phylum","Synergistetes","Bacteria","53"
"180332","species","Robinsoniella peoriensis","Robinsoniella","563"
"588605","genus","Robinsoniella","Lachnospiraceae","563"
"116085","species","Coprococcus catus","Coprococcus","150"
"626932","species","Alistipes indistinctus","Alistipes","126"
"1099853","species","Coprobacter fastidiosus","Coprobacter","95"
"1348911","genus","Coprobacter","Porphyromonadaceae","95"
"1450648","species","Clostridium oryzae","Clostridium","60"
"544645","species","Butyricimonas virosa","Butyricimonas","257"
"290054","species","Eubacterium coprostanoligenes","Eubacterium","334"
"39492","species","[Eubacterium] siraeum","Ruminiclostridium","73"
"1462919","species","Mobilitalea sibirica","Mobilitalea","146"
"1649471","genus","Mobilitalea","Lachnospiraceae","146"
"398555","species","Lactobacillus composti","Lactobacillus","44"
"351091","species","Oscillibacter valericigenes","Oscillibacter","307"
"291644","species","Bacteroides salyersiae","Bacteroides","281"
"410072","species","Coprococcus comes","Coprococcus","317"
"53343","species","Desulfotomaculum aeronauticum","Desulfotomaculum","2"
"1562","genus","Desulfotomaculum","Peptococcaceae","48"
"46228","species","Ruminococcus lactaris","Ruminococcus","94"
"1265","species","Ruminococcus flavefaciens","Ruminococcus","47"
"237576","species","Oribacterium sinus","Oribacterium","50"
"267818","species","Lactobacillus kefiranofaciens","Lactobacillus","207"
"89014","species","Blautia luti","Blautia","88"
"357276","species","Bacteroides dorei","Bacteroides","704"
"105612","species","Lactobacillus algidus","Lactobacillus","17"
"94009","species","Thermicanus aegyptius","Thermicanus","33"
"94008","genus","Thermicanus","Bacillales Family X. Incertae Sedis","33"
"539003","family","Bacillales Family X. Incertae Sedis","Bacillales","33"
"1385","order","Bacillales","Bacilli","475"
"1603886","species","Bifidobacterium lemurum","Bifidobacterium","10"
"1034346","species","Dielma fastidiosa","Dielma","21"
"1472649","genus","Dielma","Erysipelotrichaceae","21"
"1236","class","Gammaproteobacteria","Proteobacteria","246"
"1216932","species","Clostridium bornimense","Clostridium","213"
"244830","species","Anaerospora hongkongensis","Anaerospora","6"
"244825","genus","Anaerospora","Sporomusaceae","6"
"1843490","family","Sporomusaceae","Selenomonadales","41"
"909929","order","Selenomonadales","Negativicutes","60"
"649756","species","Anaerostipes hadrus","Anaerostipes","83"
"371601","species","Bacteroides xylanisolvens","Bacteroides","217"
"263852","species","Pilibacter termitis","Pilibacter","13"
"337670","genus","Pilibacter","Enterococcaceae","13"
"84112","species","Eggerthella lenta","Eggerthella","31"
"84111","genus","Eggerthella","Eggerthellaceae","33"
"1643826","family","Eggerthellaceae","Eggerthellales","143"
"1643822","order","Eggerthellales","Coriobacteriia","143"
"84998","class","Coriobacteriia","Actinobacteria","210"
"433323","species","Aminicella lysinilytica","Aminicella","18"
"1637744","genus","Aminicella","Eubacteriaceae","18"
"471189","species","Gordonibacter pamelaeae","Gordonibacter","69"
"644652","genus","Gordonibacter","Eggerthellaceae","70"
"387661","species","Parabacteroides johnsonii","Parabacteroides","73"
"33035","species","Blautia producta","Blautia","212"
"1506553","genus","Lachnoclostridium","Lachnospiraceae","219"
"1337","species","Streptococcus hyointestinalis","Streptococcus","11"
"28127","species","Prevotella buccalis","Prevotella","34"
"477666","species","Bacteroides graminisolvens","Bacteroides","3"
"31984","family","Heliobacteriaceae","Clostridiales","24"
"238015","species","Lactobacillus vini","Lactobacillus","131"
"43997","species","Catonella morbi","Catonella","48"
"43996","genus","Catonella","Lachnospiraceae","48"
"78346","species","Bifidobacterium ruminantium","Bifidobacterium","20"
"39486","species","Dorea formicigenerans","Dorea","130"
"189330","genus","Dorea","Lachnospiraceae","196"
"28116","species","Bacteroides ovatus","Bacteroides","37"
"210623","species","Anoxynatronum sibiricum","Anoxynatronum","6"
"210622","genus","Anoxynatronum","Clostridiaceae","6"
"328813","species","Alistipes onderdonkii","Alistipes","183"
"558415","family","Marinilabiliaceae","Bacteroidales","49"
"938288","species","Fenollaria massiliensis","Fenollaria","56"
"1686313","genus","Fenollaria","Clostridiales","56"
"214856","species","Alistipes finegoldii","Alistipes","271"
"879566","species","Acetatifactor muris","Acetatifactor","57"
"1427378","genus","Acetatifactor","Lachnospiraceae","57"
"847","species","Oxalobacter formigenes","Oxalobacter","67"
"846","genus","Oxalobacter","Oxalobacteraceae","69"
"75682","family","Oxalobacteraceae","Burkholderiales","73"
"154288","species","Turicibacter sanguinis","Turicibacter","15"
"191303","genus","Turicibacter","Erysipelotrichaceae","15"
"177972","species","Shuttleworthia satelles","Shuttleworthia","5"
"177971","genus","Shuttleworthia","Lachnospiraceae","5"
"1434023","genus","Natranaerovirga","Clostridiales","11"
"1217282","species","Parabacteroides faecis","Parabacteroides","56"
"879970","species","Defluviitalea saccharophila","Defluviitalea","2"
"1185408","genus","Defluviitalea","Defluviitaleaceae","2"
"1185407","family","Defluviitaleaceae","Clostridiales","2"
"626934","species","Slackia piriformis","Slackia","3"
"84108","genus","Slackia","Eggerthellaceae","6"
"342666","species","Gracilibacter thermotolerans","Gracilibacter","182"
"342658","genus","Gracilibacter","Gracilibacteraceae","182"
"541019","family","Gracilibacteraceae","Clostridiales","182"
"1732","species","Eubacterium oxidoreducens","Eubacterium","46"
"38072","species","Bacillus infernus","Bacillus","19"
"55087","genus","Bacillus","Bacillaceae","56"
"186817","family","Bacillaceae","Bacillales","135"
"40519","species","Ruminococcus callidus","Ruminococcus","17"
"638617","species","Bifidobacterium bohemicum","Bifidobacterium","41"
"44258","genus","Caloramator","Clostridiaceae","161"
"47246","species","[Clostridium] viride","Ruminiclostridium","69"
"99117","species","Friedmanniella capsulata","Friedmanniella","27"
"53387","genus","Friedmanniella","Nocardioidaceae","27"
"85015","family","Nocardioidaceae","Propionibacteriales","28"
"85009","order","Propionibacteriales","Actinobacteria","35"
"55583","species","Dehalobacter restrictus","Dehalobacter","22"
"56112","genus","Dehalobacter","Peptococcaceae","22"
"328814","species","Alistipes shahii","Alistipes","96"
"332095","species","Dethiosulfatibacter aminovorans","Dethiosulfatibacter","2"
"448125","genus","Dethiosulfatibacter","Tissierellia","2"
"44249","genus","Paenibacillus","Paenibacillaceae","52"
"186822","family","Paenibacillaceae","Bacillales","64"
"1798157","species","Bifidobacterium avesanii","Bifidobacterium","35"
"1505652","genus","Terrisporobacter","Peptostreptococcaceae","16"
"28112","species","Tannerella forsythia","Tannerella","46"
"195950","genus","Tannerella","Porphyromonadaceae","46"
"468938","genus","Cerasicoccus","Puniceicoccaceae","138"
"415002","family","Puniceicoccaceae","Puniceicoccales","152"
"415001","order","Puniceicoccales","Opitutae","152"
"414999","class","Opitutae","Verrucomicrobia","152"
"544644","species","Butyricimonas synergistica","Butyricimonas","162"
"436510","species","Desulfovibrio marrakechensis","Desulfovibrio","1"
"39488","species","[Eubacterium] hallii","Eubacterium","110"
"1408818","genus","Youngiibacter","Clostridiaceae","1"
"1337094","species","Ercella succinigenes","Ercella","6"
"1649284","genus","Ercella","Ruminococcaceae","6"
"691816","species","Bacteroides rodentium","Bacteroides","27"
"729","species","Haemophilus parainfluenzae","Haemophilus","4"
"724","genus","Haemophilus","Pasteurellaceae","10"
"712","family","Pasteurellaceae","Pasteurellales","12"
"135625","order","Pasteurellales","Gammaproteobacteria","12"
"85831","species","Bacteroides acidifaciens","Bacteroides","24"
"91347","order","Enterobacterales","Gammaproteobacteria","89"
"745119","species","Brassicibacter mesophilus","Brassicibacter","27"
"1433991","genus","Brassicibacter","Clostridiaceae","27"
"1368474","species","Romboutsia sedimentorum","Romboutsia","264"
"1501226","genus","Romboutsia","Peptostreptococcaceae","269"
"191","genus","Azospirillum","Rhodospirillaceae","14"
"41295","family","Rhodospirillaceae","Rhodospirillales","22"
"204441","order","Rhodospirillales","Alphaproteobacteria","25"
"39490","species","Eubacterium ramulus","Eubacterium","18"
"320502","species","[Clostridium] alkalicellulosi","Ruminiclostridium","95"
"1692","species","Bifidobacterium magnum","Bifidobacterium","20"
"66219","species","Lachnoclostridium phytofermentans","Lachnoclostridium","55"
"1639108","species","Chania multitudinisentens","Chania","1"
"1745211","genus","Chania","Yersiniaceae","1"
"1903411","family","Yersiniaceae","Enterobacterales","2"
"114652","species","Streptococcus orisratti","Streptococcus","5"
"747481","species","Paenibacillus chartarius","Paenibacillus","1"
"29344","species","Caloramator fervidus","Caloramator","36"
"64642","species","Tetragenococcus muriaticus","Tetragenococcus","5"
"51668","genus","Tetragenococcus","Enterococcaceae","32"
"42447","genus","Anaerobranca","Proteinivoraceae","32"
"1491775","family","Proteinivoraceae","Clostridiales","44"
"1535","species","[Clostridium] leptum","Ruminiclostridium","117"
"475964","family","Caldilineaceae","Caldilineales","8"
"475963","order","Caldilineales","Caldilineae","8"
"475962","class","Caldilineae","Chloroflexi","8"
"200795","phylum","Chloroflexi","Bacteria","10"
"88431","species","Dorea longicatena","Dorea","66"
"698776","genus","Cellulosilyticum","Lachnospiraceae","66"
"768507","order","Cytophagales","Cytophagia","22"
"768503","class","Cytophagia","Bacteroidetes","22"
"1716","genus","Corynebacterium","Corynebacteriaceae","63"
"1653","family","Corynebacteriaceae","Corynebacteriales","63"
"85007","order","Corynebacteriales","Actinobacteria","64"
"1337051","species","Murimonas intestini","Murimonas","12"
"1774128","genus","Murimonas","Lachnospiraceae","12"
"46255","genus","Weissella","Leuconostocaceae","47"
"657012","species","Halomonas cibimaris","Halomonas","32"
"2745","genus","Halomonas","Halomonadaceae","32"
"28256","family","Halomonadaceae","Oceanospirillales","32"
"135619","order","Oceanospirillales","Gammaproteobacteria","41"
"1378","genus","Gemella","Bacillales","6"
"228924","species","Guggenheimella bovis","Guggenheimella","16"
"228923","genus","Guggenheimella","Clostridiales Family XII. Incertae Sedis","16"
"543313","family","Clostridiales Family XII. Incertae Sedis","Clostridiales","24"
"836","genus","Porphyromonas","Porphyromonadaceae","40"
"214851","species","Subdoligranulum variabile","Subdoligranulum","61"
"292632","genus","Subdoligranulum","Ruminococcaceae","61"
"1080712","species","Methanomassiliicoccus luminyensis","Methanomassiliicoccus","29"
"1080709","genus","Methanomassiliicoccus","Methanomassiliicoccaceae","29"
"1577788","family","Methanomassiliicoccaceae","Methanomassiliicoccales","29"
"1235850","order","Methanomassiliicoccales","Thermoplasmata","29"
"183967","class","Thermoplasmata","Euryarchaeota","29"
"645466","species","Anaerostipes butyraticus","Anaerostipes","60"
"2741","species","Peptococcus niger","Peptococcus","8"
"2740","genus","Peptococcus","Peptococcaceae","8"
"431270","species","Pelagicoccus croceus","Pelagicoccus","9"
"455433","genus","Pelagicoccus","Puniceicoccaceae","9"
"185300","species","Paludibacter propionicigenes","Paludibacter","80"
"346096","genus","Paludibacter","Porphyromonadaceae","80"
"168384","species","Marvinbryantia formatexigens","Marvinbryantia","7"
"248744","genus","Marvinbryantia","Lachnospiraceae","7"
"40545","species","Sutterella wadsworthensis","Sutterella","126"
"40544","genus","Sutterella","Sutterellaceae","128"
"633404","species","Sporosarcina thermotolerans","Sporosarcina","83"
"1569","genus","Sporosarcina","Planococcaceae","84"
"186818","family","Planococcaceae","Bacillales","88"
"460870","species","Lactobacillus nodensis","Lactobacillus","3"
"57320","species","Desulfovibrio profundus","Desulfovibrio","3"
"453230","species","Desulfarculus baarsii","Desulfarculus","7"
"453229","genus","Desulfarculus","Desulfarculaceae","7"
"453228","family","Desulfarculaceae","Desulfarculales","7"
"453227","order","Desulfarculales","Deltaproteobacteria","7"
"29348","species","[Clostridium] spiroforme","Erysipelatoclostridium","44"
"1472416","species","Butyricimonas faecihominis","Butyricimonas","6"
"1681","species","Bifidobacterium bifidum","Bifidobacterium","19"
"74426","species","Collinsella aerofaciens","Collinsella","15"
"102106","genus","Collinsella","Coriobacteriaceae","23"
"84107","family","Coriobacteriaceae","Coriobacteriales","31"
"84999","order","Coriobacteriales","Coriobacteriia","66"
"40841","species","Succiniclasticum ruminis","Succiniclasticum","13"
"40840","genus","Succiniclasticum","Acidaminococcaceae","13"
"290052","species","Acetivibrio ethanolgignens","Acetivibrio","16"
"35829","genus","Acetivibrio","Ruminococcaceae","17"
"384636","species","Bacteroides xylanolyticus","Bacteroides","14"
"1512","species","[Clostridium] symbiosum","Lachnoclostridium","48"
"40520","species","Blautia obeum","Blautia","54"
"53363","species","Brevibacterium mcbrellneri","Brevibacterium","5"
"1696","genus","Brevibacterium","Brevibacteriaceae","7"
"85019","family","Brevibacteriaceae","Micrococcales","7"
"85006","order","Micrococcales","Actinobacteria","32"
"39498","species","[Eubacterium] yurii","Peptoanaerobacter","1"
"1913599","genus","Peptoanaerobacter","Peptostreptococcaceae","1"
"180286","species","Hespellia porcina","Hespellia","62"
"241189","genus","Hespellia","Lachnospiraceae","65"
"137730","species","Facklamia ignava","Facklamia","9"
"471511","species","Bifidobacterium bombi","Bifidobacterium","24"
"105483","species","Desulfotomaculum alkaliphilum","Desulfotomaculum","26"
"831","species","Butyrivibrio fibrisolvens","Butyrivibrio","31"
"830","genus","Butyrivibrio","Lachnospiraceae","43"
"1096341","species","Fonticella tunisiensis","Fonticella","11"
"1434004","genus","Fonticella","Clostridiaceae","11"
"1641","species","Listeria grayi","Listeria","1"
"1637","genus","Listeria","Listeriaceae","6"
"186820","family","Listeriaceae","Bacillales","7"
"349933","species","Clostridium hydrogeniformans","Clostridium","2"
"79206","genus","Desulfosporosinus","Peptococcaceae","4"
"39495","species","Eubacterium uniforme","Eubacterium","19"
"46507","species","[Bacteroides] coagulans","Tissierellia","3"
"876","species","Desulfovibrio desulfuricans","Desulfovibrio","25"
"979970","species","Acetobacteroides hydrogenigenes","Acetobacteroides","32"
"1647173","genus","Acetobacteroides","Rikenellaceae","32"
"249189","species","Enterococcus hermanniensis","Enterococcus","8"
"2082","species","Syntrophomonas bryantii","Syntrophomonas","19"
"862","genus","Syntrophomonas","Syntrophomonadaceae","30"
"68298","family","Syntrophomonadaceae","Clostridiales","38"
"862261","genus","Caldanaerobius","Thermoanaerobacteraceae","3"
"186814","family","Thermoanaerobacteraceae","Thermoanaerobacterales","16"
"68295","order","Thermoanaerobacterales","Clostridia","18"
"693994","species","Pseudoscillatoria coralii","Pseudoscillatoria","1"
"693993","genus","Pseudoscillatoria","Oscillatoriales","1"
"1150","order","Oscillatoriales","Cyanobacteria","2"
"1117","phylum","Cyanobacteria","Bacteria","22"
"332249","species","Truepera radiovictrix","Truepera","1"
"332248","genus","Truepera","Trueperaceae","1"
"332247","family","Trueperaceae","Deinococcales","1"
"118964","order","Deinococcales","Deinococci","3"
"188787","class","Deinococci","Deinococcus-Thermus","5"
"1297","phylum","Deinococcus-Thermus","Bacteria","5"
"288965","species","[Clostridium] clariflavum","Ruminiclostridium","7"
"376805","species","Bacteroides salanitronis","Bacteroides","9"
"329854","species","Bacteroides intestinalis","Bacteroides","5"
"155618","species","Enterococcus haemoperoxidus","Enterococcus","6"
"29372","species","Clostridium thermobutyricum","Clostridium","3"
"166485","species","Caminicella sporogenes","Caminicella","42"
"166484","genus","Caminicella","Clostridiaceae","42"
"53346","species","Enterococcus mundtii","Enterococcus","23"
"1289106","species","Sinibacillus soli","Sinibacillus","15"
"1649496","genus","Sinibacillus","Bacillaceae","15"
"166486","species","Roseburia intestinalis","Roseburia","16"
"138595","species","Olsenella profusa","Olsenella","33"
"133925","genus","Olsenella","Atopobiaceae","34"
"1643824","family","Atopobiaceae","Coriobacteriales","35"
"57732","species","Enterococcus asini","Enterococcus","17"
"49447","species","Halochromatium salexigens","Halochromatium","1"
"85074","genus","Halochromatium","Chromatiaceae","1"
"1046","family","Chromatiaceae","Chromatiales","7"
"135613","order","Chromatiales","Gammaproteobacteria","7"
"418240","species","Blautia wexlerae","Blautia","39"
"36849","species","Oxobacter pfennigii","Oxobacter","33"
"44261","genus","Oxobacter","Clostridiaceae","33"
"572010","species","Slackia isoflavoniconvertens","Slackia","2"
"351343","species","Pedobacter aquatilis","Pedobacter","3"
"84567","genus","Pedobacter","Sphingobacteriaceae","6"
"84566","family","Sphingobacteriaceae","Sphingobacteriales","25"
"200666","order","Sphingobacteriales","Sphingobacteriia","25"
"117747","class","Sphingobacteriia","Bacteroidetes","25"
"140626","species","Lachnobacterium bovis","Lachnobacterium","47"
"140625","genus","Lachnobacterium","Lachnospiraceae","47"
"506","family","Alcaligenaceae","Burkholderiales","15"
"308994","species","Dialister propionicifaciens","Dialister","8"
"963","genus","Herbaspirillum","Oxalobacteraceae","1"
"147802","species","Lactobacillus iners","Lactobacillus","16"
"288966","species","Lutispora thermophila","Lutispora","3"
"667112","genus","Lutispora","Clostridiaceae","3"
"474960","species","Hydrogenoanaerobacterium saccharovorans","Hydrogenoanaerobacterium","23"
"596767","genus","Hydrogenoanaerobacterium","Ruminococcaceae","23"
"329857","genus","Cohnella","Paenibacillaceae","4"
"871664","species","Blautia stercoris","Blautia","8"
"1647","genus","Erysipelothrix","Erysipelotrichaceae","13"
"286","genus","Pseudomonas","Pseudomonadaceae","17"
"135621","family","Pseudomonadaceae","Pseudomonadales","17"
"72274","order","Pseudomonadales","Gammaproteobacteria","20"
"1432052","species","Eisenbergiella tayi","Eisenbergiella","4"
"1432051","genus","Eisenbergiella","Lachnospiraceae","4"
"33038","species","[Ruminococcus] gnavus","Blautia","32"
"1397841","species","Sunxiuqinia rutila","Sunxiuqinia","3"
"1254401","genus","Sunxiuqinia","Prolixibacteraceae","3"
"1471398","family","Prolixibacteraceae","Bacteroidales","6"
"2153","species","Asteroleplasma anaerobium","Asteroleplasma","58"
"2152","genus","Asteroleplasma","Anaeroplasmataceae","58"
"186333","family","Anaeroplasmataceae","Anaeroplasmatales","60"
"186332","order","Anaeroplasmatales","Mollicutes","60"
"31969","class","Mollicutes","Tenericutes","77"
"544448","phylum","Tenericutes","Bacteria","77"
"68035","species","Sporotomaculum hydroxybenzoicum","Sporotomaculum","28"
"68034","genus","Sporotomaculum","Peptococcaceae","28"
"1526","species","[Clostridium] aminophilum","Lachnoclostridium","16"
"1376","species","Aerococcus urinae","Aerococcus","14"
"1375","genus","Aerococcus","Aerococcaceae","19"
"1472761","species","Enorma massiliensis","Enorma","8"
"1472762","genus","Enorma","Coriobacteriaceae","8"
"161493","species","Anaeromyxobacter dehalogenans","Anaeromyxobacter","7"
"161492","genus","Anaeromyxobacter","Anaeromyxobacteraceae","7"
"1524215","family","Anaeromyxobacteraceae","Myxococcales","7"
"29","order","Myxococcales","Deltaproteobacteria","9"
"575256","species","Thermolongibacillus altinsuensis","Thermolongibacillus","3"
"1500514","genus","Thermolongibacillus","Bacillaceae","3"
"818","species","Bacteroides thetaiotaomicron","Bacteroides","9"
"516704","species","Pontibacillus halophilus","Pontibacillus","13"
"289201","genus","Pontibacillus","Bacillaceae","13"
"1527","species","Anaerocolumna aminovalerica","Anaerocolumna","12"
"1843210","genus","Anaerocolumna","Lachnospiraceae","12"
"1322","species","Blautia hansenii","Blautia","1"
"732242","species","Bacteroides paurosaccharolyticus","Bacteroides","7"
"137732","species","Granulicatella elegans","Granulicatella","2"
"117563","genus","Granulicatella","Carnobacteriaceae","2"
"186828","family","Carnobacteriaceae","Lactobacillales","28"
"580024","genus","Enterorhabdus","Eggerthellaceae","3"
"1684","species","Bifidobacterium asteroides","Bifidobacterium","19"
"365349","species","Pelosinus fermentans","Pelosinus","24"
"365348","genus","Pelosinus","Sporomusaceae","24"
"29370","species","[Clostridium] sphenoides","Lachnoclostridium","1"
"264641","species","Desulfitibacter alkalitolerans","Desulfitibacter","1"
"293136","genus","Desulfitibacter","Peptococcaceae","1"
"381630","species","Methylobacterium jeotgali","Methylobacterium","1"
"407","genus","Methylobacterium","Methylobacteriaceae","3"
"119045","family","Methylobacteriaceae","Rhizobiales","3"
"356","order","Rhizobiales","Alphaproteobacteria","5"
"165179","species","Prevotella copri","Prevotella","18"
"283169","species","Odoribacter denticanis","Odoribacter","3"
"1551","species","Clostridium aurantibutyricum","Clostridium","1"
"381829","species","Pediococcus siamensis","Pediococcus","8"
"1253","genus","Pediococcus","Lactobacillaceae","15"
"1556","species","Gottschalkia acidurici","Gottschalkia","1"
"1505664","genus","Gottschalkia","Clostridiales","1"
"305719","species","Prevotella baroniae","Prevotella","39"
"1610","species","Lactobacillus coryniformis","Lactobacillus","7"
"482144","genus","Mechercharimyces","Thermoactinomycetaceae","2"
"186824","family","Thermoactinomycetaceae","Bacillales","13"
"143361","species","Filifactor alocis","Filifactor","1"
"44259","genus","Filifactor","Peptostreptococcaceae","4"
"29364","species","[Clostridium] polysaccharolyticum","Lachnoclostridium","16"
"310298","species","Bacteroides coprocola","Bacteroides","8"
"290053","species","Bacteroides helcogenes","Bacteroides","2"
"236753","species","Fastidiosipila sanguinis","Fastidiosipila","4"
"236752","genus","Fastidiosipila","Ruminococcaceae","4"
"626940","species","Phascolarctobacterium succinatutens","Phascolarctobacterium","9"
"86331","genus","Mogibacterium","Clostridiales Family XIII. Incertae Sedis","26"
"313588","species","Croceibacter atlanticus","Croceibacter","1"
"216431","genus","Croceibacter","Flavobacteriaceae","1"
"49546","family","Flavobacteriaceae","Flavobacteriales","15"
"200644","order","Flavobacteriales","Flavobacteriia","16"
"117743","class","Flavobacteriia","Bacteroidetes","16"
"1584","species","Lactobacillus delbrueckii","Lactobacillus","8"
"82560","species","Thiolamprovum pedioforme","Thiolamprovum","3"
"82559","genus","Thiolamprovum","Chromatiaceae","3"
"85023","family","Microbacteriaceae","Micrococcales","18"
"71453","species","Tetragenococcus solitarius","Tetragenococcus","13"
"1335613","species","Gordonibacter urolithinfaciens","Gordonibacter","1"
"2051","species","Mobiluncus curtisii","Mobiluncus","17"
"2050","genus","Mobiluncus","Actinomycetaceae","17"
"2049","family","Actinomycetaceae","Actinomycetales","31"
"2037","order","Actinomycetales","Actinobacteria","31"
"359408","species","Methylotenera mobilis","Methylotenera","1"
"359407","genus","Methylotenera","Methylophilaceae","1"
"32011","family","Methylophilaceae","Methylophilales","3"
"32003","order","Methylophilales","Betaproteobacteria","3"
"65403","species","Acidaminobacter hydrogenoformans","Acidaminobacter","8"
"65402","genus","Acidaminobacter","Clostridiales Family XII. Incertae Sedis","8"
"937254","species","Thermohydrogenium kirishiense","Thermohydrogenium","8"
"937253","genus","Thermohydrogenium","Syntrophomonadaceae","8"
"31983","genus","Helcococcus","Peptoniphilaceae","16"
"172901","species","Victivallis vadensis","Victivallis","22"
"172900","genus","Victivallis","Victivallaceae","22"
"255528","family","Victivallaceae","Victivallales","22"
"278082","order","Victivallales","Lentisphaeria","22"
"1313211","class","Lentisphaeria","Lentisphaerae","22"
"256845","phylum","Lentisphaerae","Bacteria","22"
"671267","species","Bacteroides sartorii","Bacteroides","11"
"305976","genus","Pusillimonas","Alcaligenaceae","1"
"261299","species","Intestinibacter bartlettii","Intestinibacter","21"
"1505657","genus","Intestinibacter","Peptostreptococcaceae","21"
"454154","species","Paraprevotella clara","Paraprevotella","3"
"577309","genus","Paraprevotella","Prevotellaceae","4"
"459532","genus","Terribacillus","Bacillaceae","2"
"361279","species","Terribacillus halophilus","Terribacillus","1"
"638849","species","Pyramidobacter piscolens","Pyramidobacter","3"
"638847","genus","Pyramidobacter","Synergistaceae","3"
"1095777","species","Texcoconibacillus texcoconensis","Texcoconibacillus","2"
"1649504","genus","Texcoconibacillus","Bacillaceae","2"
"155865","species","Eubacterium pyruvativorans","Eubacterium","7"
"72763","genus","Tessaracoccus","Propionibacteriaceae","1"
"31957","family","Propionibacteriaceae","Propionibacteriales","5"
"33986","genus","Exiguobacterium","Bacillales","10"
"1434700","species","Moheibacter sediminis","Moheibacter","2"
"1572763","genus","Moheibacter","Flavobacteriaceae","2"
"1328","species","Streptococcus anginosus","Streptococcus","3"
"1843491","family","Selenomonadaceae","Selenomonadales","19"
"933080","species","Oxalobacter vibrioformis","Oxalobacter","2"
"747656","species","Streptococcus danieliae","Streptococcus","3"
"1004303","genus","Ferruginibacter","Chitinophagaceae","1"
"563835","family","Chitinophagaceae","Chitinophagales","4"
"1853229","order","Chitinophagales","Chitinophagia","4"
"1853228","class","Chitinophagia","Bacteroidetes","4"
"338188","species","Bacteroides finegoldii","Bacteroides","5"
"29553","species","Mycoplasma bovirhinis","Mycoplasma","1"
"2093","genus","Mycoplasma","Mycoplasmataceae","8"
"2092","family","Mycoplasmataceae","Mycoplasmatales","8"
"2085","order","Mycoplasmatales","Mollicutes","8"
"185008","species","Butyrivibrio hungatei","Butyrivibrio","2"
"192992","genus","Thermoleophilum","Thermoleophilaceae","3"
"320796","family","Thermoleophilaceae","Thermoleophilales","3"
"588674","order","Thermoleophilales","Thermoleophilia","3"
"1497346","class","Thermoleophilia","Actinobacteria","3"
"915173","species","Faecalicoccus acidiformans","Faecalicoccus","6"
"1573536","genus","Faecalicoccus","Erysipelotrichaceae","7"
"180164","species","Blautia schinkii","Blautia","5"
"630405","species","Cellulosibacter alkalithermophilus","Cellulosibacter","9"
"1246649","genus","Cellulosibacter","Clostridiaceae","9"
"1355","species","Enterococcus columbae","Enterococcus","2"
"76860","species","Streptococcus constellatus","Streptococcus","1"
"862415","species","Pectinatus brassicae","Pectinatus","1"
"864","genus","Pectinatus","Selenomonadaceae","1"
"1494962","species","Listeria floridensis","Listeria","3"
"246875","genus","Algoriphagus","Cyclobacteriaceae","1"
"563798","family","Cyclobacteriaceae","Cytophagales","2"
"301301","species","Roseburia hominis","Roseburia","15"
"1302778","genus","Pseudoscardovia","Bifidobacteriaceae","15"
"1465809","species","Clostridium senegalense","Clostridium","3"
"371674","species","Moryella indoligenes","Moryella","6"
"437755","genus","Moryella","Lachnospiraceae","6"
"84037","species","Syntrophococcus sucromutans","Syntrophococcus","2"
"84036","genus","Syntrophococcus","Lachnospiraceae","2"
"169435","species","Anaerotruncus colihominis","Anaerotruncus","18"
"244127","genus","Anaerotruncus","Ruminococcaceae","18"
"2374","species","Acetonema longum","Acetonema","10"
"2373","genus","Acetonema","Sporomusaceae","10"
"645887","species","Alkalibaculum bacchi","Alkalibaculum","4"
"696745","genus","Alkalibaculum","Eubacteriaceae","4"
"279827","species","Phenylobacterium falsum","Phenylobacterium","1"
"20","genus","Phenylobacterium","Caulobacteraceae","1"
"76892","family","Caulobacteraceae","Caulobacterales","1"
"204458","order","Caulobacterales","Alphaproteobacteria","1"
"100884","species","Coprobacillus cateniformis","Coprobacillus","5"
"100883","genus","Coprobacillus","Erysipelotrichaceae","5"
"35517","species","[Eubacterium] brachy","Clostridiales Family XIII. Incertae Sedis","12"
"310300","species","Bacteroides pyogenes","Bacteroides","11"
"36842","species","Maledivibacter halophilus","Maledivibacter","1"
"1884930","genus","Maledivibacter","Clostridiaceae","1"
"106588","species","Pseudoflavonifractor capillosus","Pseudoflavonifractor","20"
"1017280","genus","Pseudoflavonifractor","Clostridiales","20"
"1285191","species","Desulfotomaculum intricatum","Desulfotomaculum","2"
"1174501","species","Paenibacillus typhae","Paenibacillus","1"
"29373","species","Clostridium thermopalmarium","Clostridium","4"
"90964","family","Staphylococcaceae","Bacillales","22"
"1260629","species","Proteinivorax tanatarense","Proteinivorax","12"
"1491776","genus","Proteinivorax","Proteinivoraceae","12"
"65551","genus","Meiothermus","Thermaceae","1"
"188786","family","Thermaceae","Thermales","2"
"68933","order","Thermales","Deinococci","2"
"40091","species","Helcococcus kunzii","Helcococcus","13"
"543","family","Enterobacteriaceae","Enterobacterales","12"
"84026","species","[Clostridium] methylpentosum","Ruminiclostridium","10"
"429340","species","Paenibacillus siamensis","Paenibacillus","1"
"1245","species","Leuconostoc mesenteroides","Leuconostoc","8"
"1243","genus","Leuconostoc","Leuconostocaceae","16"
"135614","order","Xanthomonadales","Gammaproteobacteria","4"
"77768","species","Prevotella albensis","Prevotella","3"
"186831","genus","Acetoanaerobium","Peptostreptococcaceae","7"
"214853","species","Anaerofustis stercorihominis","Anaerofustis","2"
"264995","genus","Anaerofustis","Eubacteriaceae","2"
"29361","species","Tyzzerella nexilis","Tyzzerella","6"
"78343","species","Bifidobacterium boum","Bifidobacterium","5"
"718191","species","Litoribacillus peritrichatus","Litoribacillus","5"
"1264044","genus","Litoribacillus","Oceanospirillaceae","5"
"135620","family","Oceanospirillaceae","Oceanospirillales","5"
"29365","species","Hathewaya proteolytica","Hathewaya","8"
"1769729","genus","Hathewaya","Clostridiaceae","8"
"2147","genus","Acholeplasma","Acholeplasmataceae","5"
"2146","family","Acholeplasmataceae","Acholeplasmatales","5"
"186329","order","Acholeplasmatales","Mollicutes","5"
"77523","species","Bacillus horti","Bacillus","1"
"1735","species","Holdemanella biformis","Holdemanella","4"
"1573535","genus","Holdemanella","Erysipelotrichaceae","4"
"115544","species","Parasporobacterium paucivorans","Parasporobacterium","4"
"115543","genus","Parasporobacterium","Lachnospiraceae","4"
"1218492","species","Lactobacillus mellifer","Lactobacillus","3"
"1619234","species","Anaerobium acetethylicum","Anaerobium","1"
"1855714","genus","Anaerobium","Lachnospiraceae","1"
"392838","species","Bacteroides propionicifaciens","Bacteroides","3"
"938289","species","Levyella massiliensis","Levyella","12"
"1715798","genus","Levyella","Clostridiales","12"
"33951","genus","Acetobacterium","Eubacteriaceae","1"
"309120","species","Dialister micraerophilus","Dialister","17"
"574976","family","Holophagaceae","Holophagales","9"
"574975","order","Holophagales","Holophagae","9"
"533205","class","Holophagae","Acidobacteria","9"
"204432","phylum","Acidobacteria","Bacteria","9"
"74701","species","Desulfotomaculum putei","Desulfotomaculum","5"
"901","species","Desulfovibrio piger","Desulfovibrio","11"
"84163","species","Cryptobacterium curtum","Cryptobacterium","6"
"84162","genus","Cryptobacterium","Eggerthellaceae","6"
"904","genus","Acidaminococcus","Acidaminococcaceae","4"
"620903","species","Negativicoccus succinicivorans","Negativicoccus","1"
"909928","genus","Negativicoccus","Veillonellaceae","1"
"376804","species","Bacteroides barnesiae","Bacteroides","5"
"578942","species","Dokdonella immobilis","Dokdonella","2"
"323413","genus","Dokdonella","Rhodanobacteraceae","2"
"1775411","family","Rhodanobacteraceae","Xanthomonadales","2"
"425254","species","Cellulosilyticum ruminicola","Cellulosilyticum","4"
"341220","species","Lactonifactor longoviformis","Lactonifactor","9"
"420345","genus","Lactonifactor","Clostridiaceae","9"
"674972","species","Microaerobacter geothermalis","Microaerobacter","3"
"1006481","genus","Microaerobacter","Bacillaceae","3"
"205327","species","Clostridium frigoris","Clostridium","6"
"89153","species","[Clostridium] hylemonae","Lachnoclostridium","5"
"1096246","species","Hungatella effluvii","Hungatella","2"
"1649459","genus","Hungatella","Clostridiaceae","15"
"518643","species","Bifidobacterium mongoliense","Bifidobacterium","11"
"244366","species","Klebsiella variicola","Klebsiella","4"
"570","genus","Klebsiella","Enterobacteriaceae","4"
"1080071","species","Streptococcus orisasini","Streptococcus","6"
"46205","genus","Pseudobutyrivibrio","Lachnospiraceae","4"
"80816","species","Haliangium ochraceum","Haliangium","1"
"162027","genus","Haliangium","Kofleriaceae","1"
"224464","family","Kofleriaceae","Myxococcales","1"
"69473","species","Acholeplasma vituli","Acholeplasma","1"
"258515","species","Acetanaerobacterium elongatum","Acetanaerobacterium","13"
"258514","genus","Acetanaerobacterium","Ruminococcaceae","13"
"1281767","species","Tepidibacillus fermentans","Tepidibacillus","3"
"1494427","genus","Tepidibacillus","Bacillaceae","3"
"58180","species","Desulfovibrio alaskensis","Desulfovibrio","1"
"376806","species","Bacteroides gallinarum","Bacteroides","11"
"87458","species","Facklamia tabacinasalis","Facklamia","6"
"404403","species","Howardella ureilytica","Howardella","17"
"404402","genus","Howardella","Clostridiales","17"
"497","genus","Psychrobacter","Moraxellaceae","1"
"468","family","Moraxellaceae","Pseudomonadales","3"
"932217","species","Anaerosalibacter bizertensis","Anaerosalibacter","1"
"1347386","genus","Anaerosalibacter","Clostridiaceae","1"
"1352","species","Enterococcus faecium","Enterococcus","3"
"446681","species","Eudoraea adriatica","Eudoraea","1"
"446680","genus","Eudoraea","Flavobacteriaceae","1"
"492670","species","Bacillus velezensis","Bacillus","5"
"1544","species","[Clostridium] oroticum","Lachnoclostridium","18"
"852","species","Fusobacterium perfoetens","Fusobacterium","5"
"848","genus","Fusobacterium","Fusobacteriaceae","8"
"203492","family","Fusobacteriaceae","Fusobacteriales","8"
"203491","order","Fusobacteriales","Fusobacteriia","9"
"203490","class","Fusobacteriia","Fusobacteria","9"
"203490","phylum","Fusobacteria","Bacteria","9"
"454155","species","Paraprevotella xylaniphila","Paraprevotella","1"
"43995","species","Johnsonella ignava","Johnsonella","4"
"43994","genus","Johnsonella","Lachnospiraceae","4"
"1003","species","Thermoflexibacter ruber","Thermoflexibacter","1"
"1938003","genus","Thermoflexibacter","Cytophagales","1"
"568386","family","Sinobacteraceae","Nevskiales","1"
"1775403","order","Nevskiales","Gammaproteobacteria","1"
"135617","family","Thiotrichaceae","Thiotrichales","1"
"72273","order","Thiotrichales","Gammaproteobacteria","1"
"869805","species","Desulfosoma profundi","Desulfosoma","1"
"1148150","genus","Desulfosoma","Syntrophobacteraceae","1"
"213465","family","Syntrophobacteraceae","Syntrophobacterales","1"
"213462","order","Syntrophobacterales","Deltaproteobacteria","2"
"358743","species","[Clostridium] citroniae","Lachnoclostridium","4"
"356660","species","Albimonas donghaensis","Albimonas","1"
"663242","genus","Albimonas","Rhodobacteraceae","1"
"31989","family","Rhodobacteraceae","Rhodobacterales","1"
"66199","species","Syntrophomonas sapovorans","Syntrophomonas","3"
"218538","species","Dialister invisus","Dialister","4"
"1147123","species","Caloramator quimbayensis","Caloramator","1"
"29346","species","[Clostridium] paradoxum","Peptostreptococcaceae","6"
"395085","species","Lactobacillus ceti","Lactobacillus","2"
"29546","species","Lawsonia intracellularis","Lawsonia","6"
"1091138","genus","Lawsonia","Desulfovibrionaceae","6"
"89154","species","Corynebacterium terpenotabidum","Corynebacterium","3"
"100886","species","Catenibacterium mitsuokai","Catenibacterium","8"
"135858","genus","Catenibacterium","Erysipelotrichaceae","8"
"52784","genus","Anaerofilum","Ruminococcaceae","5"
"2737","genus","Vagococcus","Enterococcaceae","5"
"33938","species","Geobacillus thermocatenulatus","Geobacillus","1"
"129337","genus","Geobacillus","Bacillaceae","1"
"230658","species","Paraeggerthella hongkongensis","Paraeggerthella","8"
"651554","genus","Paraeggerthella","Eggerthellaceae","8"
"102886","species","Streptococcus didelphis","Streptococcus","4"
"43675","species","Rothia mucilaginosa","Rothia","5"
"508215","genus","Rothia","Micrococcaceae","5"
"1268","family","Micrococcaceae","Micrococcales","6"
"1133319","species","Bacteroides reticulotermitis","Bacteroides","4"
"82801","species","Desemzia incerta","Desemzia","9"
"82800","genus","Desemzia","Carnobacteriaceae","9"
"1115758","species","Romboutsia ilealis","Romboutsia","3"
"309483","species","Exiguobacterium soli","Exiguobacterium","3"
"28025","species","Bifidobacterium animalis","Bifidobacterium","5"
"1691","species","Bifidobacterium indicum","Bifidobacterium","7"
"58138","species","Desulfotomaculum acetoxidans","Desulfotomaculum","10"
"796942","species","Stomatobaculum longum","Stomatobaculum","6"
"1213720","genus","Stomatobaculum","Lachnospiraceae","6"
"191373","genus","Pelotomaculum","Peptococcaceae","2"
"47055","species","Dethiosulfovibrio peptidovorans","Dethiosulfovibrio","5"
"47054","genus","Dethiosulfovibrio","Synergistaceae","5"
"358742","species","[Clostridium] aldenense","Lachnoclostridium","3"
"404","genus","Methylobacillus","Methylophilaceae","2"
"871327","species","Parabacteroides chinchillae","Parabacteroides","2"
"291645","species","Bacteroides nordii","Bacteroides","3"
"1485203","species","Salinispirillum marinum","Salinispirillum","1"
"1649491","genus","Salinispirillum","Saccharospirillaceae","1"
"255527","family","Saccharospirillaceae","Oceanospirillales","1"
"475","genus","Moraxella","Moraxellaceae","1"
"29347","species","[Clostridium] scindens","Lachnoclostridium","7"
"539813","species","Enterobacter mori","Enterobacter","1"
"547","genus","Enterobacter","Enterobacteriaceae","1"
"293256","species","Desulfovibrio alkalitolerans","Desulfovibrio","1"
"246144","species","Enterococcus italicus","Enterococcus","1"
"190387","species","Lactovum miscens","Streptococcaceae","3"
"454171","species","Chthonomonas calidirosea","Chthonomonas","3"
"1077265","genus","Chthonomonas","Chthonomonadaceae","3"
"1077264","family","Chthonomonadaceae","Chthonomonadales","3"
"1077263","order","Chthonomonadales","Chthonomonadetes","3"
"1077257","class","Chthonomonadetes","Armatimonadetes","3"
"67819","phylum","Armatimonadetes","Bacteria","3"
"1323","species","Faecalicoccus pleomorphus","Faecalicoccus","1"
"501571","species","Butyricicoccus pullicaecorum","Butyricicoccus","12"
"580596","genus","Butyricicoccus","Clostridiaceae","12"
"232270","species","Effusibacillus pohliae","Effusibacillus","9"
"1502725","genus","Effusibacillus","Alicyclobacillaceae","9"
"186823","family","Alicyclobacillaceae","Bacillales","10"
"100133","species","Sporobacterium olearium","Sporobacterium","4"
"100132","genus","Sporobacterium","Lachnospiraceae","4"
"52767","species","Actinomyces denticolens","Actinomyces","1"
"1654","genus","Actinomyces","Actinomycetaceae","8"
"29349","species","[Clostridium] thermoalcaliphilum","Peptostreptococcaceae","2"
"114627","genus","Alkaliphilus","Clostridiaceae","12"
"264463","species","Anaerosporobacter mobilis","Anaerosporobacter","4"
"653683","genus","Anaerosporobacter","Lachnospiraceae","4"
"51123","species","[Eubacterium] saphenum","Clostridiales Family XIII. Incertae Sedis","3"
"34104","genus","Streptobacillus","Leptotrichiaceae","1"
"1129771","family","Leptotrichiaceae","Fusobacteriales","1"
"1660","species","Actinomyces odontolyticus","Actinomyces","3"
"1460447","species","Terrisporobacter petrolearius","Terrisporobacter","9"
"342942","species","[Clostridium] glycyrrhizinilyticum","Lachnoclostridium","3"
"35518","species","[Eubacterium] nodatum","Clostridiales Family XIII. Incertae Sedis","3"
"154046","species","Hungatella hathewayi","Hungatella","8"
"13687","genus","Sphingomonas","Sphingomonadaceae","1"
"41297","family","Sphingomonadaceae","Sphingomonadales","1"
"204457","order","Sphingomonadales","Alphaproteobacteria","1"
"61171","species","Holdemania filiformis","Holdemania","5"
"61170","genus","Holdemania","Erysipelotrichaceae","5"
"45851","species","Butyrivibrio crossotus","Butyrivibrio","3"
"626937","species","Christensenella minuta","Christensenella","1"
"990721","genus","Christensenella","Christensenellaceae","1"
"990719","family","Christensenellaceae","Clostridiales","1"
"404335","species","Syntrophomonas zehnderi","Syntrophomonas","1"
"384638","species","[Bacteroides] pectinophilus","Clostridiales","7"
"1251","species","Leuconostoc fallax","Leuconostoc","3"
"626929","species","Bacteroides clarus","Bacteroides","5"
"29360","species","Cellulosilyticum lentocellum","Cellulosilyticum","3"
"569859","species","Desulfosporosinus hippei","Desulfosporosinus","1"
"71451","species","Enterococcus malodoratus","Enterococcus","10"
"1202668","species","Lactobacillus oryzae","Lactobacillus","1"
"715222","genus","Caldicoprobacter","Caldicoprobacteraceae","2"
"715221","family","Caldicoprobacteraceae","Clostridiales","2"
"1346","species","Streptococcus iniae","Streptococcus","1"
"76122","species","Alloprevotella tannerae","Alloprevotella","2"
"1283313","genus","Alloprevotella","Prevotellaceae","3"
"1160095","species","Vagococcus entomophilus","Vagococcus","3"
"326078","species","Planococcus columbae","Planococcus","1"
"40929","genus","Planococcus","Planococcaceae","1"
"29465","genus","Veillonella","Veillonellaceae","10"
"367840","species","Salinicoccus luteus","Salinicoccus","4"
"45669","genus","Salinicoccus","Staphylococcaceae","7"
"269666","species","Streptococcus marimammalium","Streptococcus","2"
"69208","species","Clostridium polyendosporum","Clostridium","4"
"1297750","species","Bacteroides luti","Bacteroides","2"
"38875","species","Bacillus oleronius","Bacillus","1"
"1121298","species","Clostridium amylolyticum","Clostridium","2"
"1380","genus","Atopobium","Atopobiaceae","1"
"906","genus","Megasphaera","Veillonellaceae","3"
"46506","species","Bacteroides stercoris","Bacteroides","8"
"1221996","species","Bacillus thermotolerans","Bacillus","3"
"77635","species","Bifidobacterium subtile","Bifidobacterium","2"
"706566","species","Meniscus glaucopis","Meniscus","3"
"200677","genus","Meniscus","Prolixibacteraceae","3"
"142842","species","Selenihalanaerobacter shriftii","Selenihalanaerobacter","1"
"142841","genus","Selenihalanaerobacter","Halobacteroidaceae","1"
"53434","family","Halobacteroidaceae","Halanaerobiales","2"
"53433","order","Halanaerobiales","Clostridia","8"
"379900","species","Niabella aurantiaca","Niabella","3"
"379899","genus","Niabella","Chitinophagaceae","3"
"143393","species","[Eubacterium] sulci","Clostridiales Family XIII. Incertae Sedis","3"
"73918","genus","Thermaerobacter","Clostridiales Family XVII. Incertae Sedis","2"
"539000","family","Clostridiales Family XVII. Incertae Sedis","Clostridiales","2"
"573564","species","Streptococcus dentapri","Streptococcus","4"
"279810","species","Thiobacter subterraneus","Thiobacter","1"
"279809","genus","Thiobacter","Burkholderiales","1"
"1304284","species","Caldisalinibacter kiritimatiensis","Caldisalinibacter","3"
"1640153","genus","Caldisalinibacter","Clostridiaceae","3"
"108819","species","Coprothermobacter platensis","Coprothermobacter","1"
"68335","genus","Coprothermobacter","Thermodesulfobiaceae","1"
"227387","family","Thermodesulfobiaceae","Thermoanaerobacterales","1"
"269774","species","Atopococcus tabaci","Atopococcus","6"
"269773","genus","Atopococcus","Carnobacteriaceae","6"
"676965","species","Moorella humiferrea","Moorella","4"
"44260","genus","Moorella","Thermoanaerobacteraceae","4"
"31971","species","[Eubacterium] dolichum","Erysipelotrichaceae","2"
"203540","species","Bacillus aeolius","Bacillus","2"
"78344","species","Bifidobacterium gallinarum","Bifidobacterium","2"
"454600","species","Gracilimonas tropica","Gracilimonas","1"
"649462","genus","Gracilimonas","Balneolaceae","1"
"1813606","family","Balneolaceae","Balneolales","1"
"1853223","order","Balneolales","Balneolia","1"
"1853221","class","Balneolia","Balneolaeota","1"
"1936987","phylum","Balneolaeota","Bacteria","1"
"45","species","Melittangium lichenicola","Melittangium","1"
"44","genus","Melittangium","Archangiaceae","1"
"39","family","Archangiaceae","Myxococcales","1"
"452623","species","Pseudoclavibacter soli","Pseudoclavibacter","6"
"255204","genus","Pseudoclavibacter","Microbacteriaceae","6"
"60893","species","Desulfobacca acetoxidans","Desulfobacca","1"
"60892","genus","Desulfobacca","Syntrophaceae","1"
"213468","family","Syntrophaceae","Syntrophobacterales","1"
"45254","species","Dysgonomonas capnocytophagoides","Dysgonomonas","3"
"156973","genus","Dysgonomonas","Porphyromonadaceae","6"
"307521","species","Gracilibacillus boraciitolerans","Gracilibacillus","1"
"74385","genus","Gracilibacillus","Bacillaceae","2"
"2120","species","Mycoplasma neurolyticum","Mycoplasma","2"
"209880","species","Allisonella histaminiformans","Allisonella","6"
"209879","genus","Allisonella","Veillonellaceae","6"
"1122941","species","Pedobacter glucosidilyticus","Pedobacter","1"
"59846","species","Paenibacillus chibensis","Paenibacillus","2"
"55758","species","Methanobrevibacter filiformis","Methanobrevibacter","1"
"336804","species","Thorsellia anophelis","Thorsellia","1"
"336803","genus","Thorsellia","Thorselliaceae","1"
"1771359","family","Thorselliaceae","Enterobacterales","1"
"101","genus","Flectobacillus","Cytophagaceae","1"
"89373","family","Cytophagaceae","Cytophagales","6"
"2738","species","Vagococcus fluvialis","Vagococcus","1"
"31973","species","Eggerthia catenaformis","Eggerthia","4"
"1279384","genus","Eggerthia","Erysipelotrichaceae","4"
"667306","species","Aciditerrimonas ferrireducens","Aciditerrimonas","5"
"1042325","genus","Aciditerrimonas","Acidimicrobiaceae","5"
"84994","family","Acidimicrobiaceae","Acidimicrobiales","5"
"84993","order","Acidimicrobiales","Acidimicrobiia","5"
"84992","class","Acidimicrobiia","Actinobacteria","5"
"203263","species","Corynebacterium aquilae","Corynebacterium","1"
"209080","species","Propionispora hippei","Propionispora","1"
"112902","genus","Propionispora","Sporomusaceae","1"
"991009","species","Sinomonas soli","Sinomonas","1"
"596707","genus","Sinomonas","Micrococcaceae","1"
"61592","species","Corynebacterium durum","Corynebacterium","1"
"427754","species","Humibacter albus","Humibacter","7"
"427753","genus","Humibacter","Microbacteriaceae","7"
"249188","species","Haemophilus pittmaniae","Haemophilus","6"
"217070","species","Stella vacuolata","Stella","1"
"93","genus","Stella","Acetobacteraceae","1"
"433","family","Acetobacteraceae","Rhodospirillales","3"
"241430","species","Starria zimbabweensis","Starria","1"
"241429","genus","Starria","Gomontiellaceae","1"
"1892255","family","Gomontiellaceae","Oscillatoriales","1"
"29528","species","Flammeovirga aprica","Flammeovirga","1"
"59739","genus","Flammeovirga","Flammeovirgaceae","1"
"200667","family","Flammeovirgaceae","Cytophagales","1"
"28123","species","Porphyromonas asaccharolytica","Porphyromonas","6"
"1628250","species","Mesonia hippocampi","Mesonia","1"
"232115","genus","Mesonia","Flavobacteriaceae","1"
"39777","species","Veillonella atypica","Veillonella","3"
"90244","species","Oligella ureolytica","Oligella","1"
"90243","genus","Oligella","Alcaligenaceae","3"
"1260","species","Finegoldia magna","Finegoldia","4"
"150022","genus","Finegoldia","Peptoniphilaceae","4"
"91624","species","Clostridium acidisoli","Clostridium","1"
"44253","species","Paenibacillus validus","Paenibacillus","1"
"407975","species","Prevotella pleuritidis","Prevotella","1"
"176291","species","Lactobacillus vaccinostercus","Lactobacillus","5"
"415015","species","Proteiniborus ethanoligenes","Proteiniborus","3"
"415014","genus","Proteiniborus","Clostridiales","3"
"110845","species","Jeotgalicoccus pinnipedialis","Jeotgalicoccus","3"
"227979","genus","Jeotgalicoccus","Staphylococcaceae","3"
"109327","species","Anaerovorax odorimutans","Anaerovorax","3"
"109326","genus","Anaerovorax","Clostridiales Family XIII. Incertae Sedis","3"
"69894","genus","Tindallia","Clostridiaceae","1"
"285268","species","Acetobacter nitrogenifigens","Acetobacter","1"
"434","genus","Acetobacter","Acetobacteraceae","1"
"499207","species","Syntrophaceticus schinkii","Syntrophaceticus","1"
"862071","genus","Syntrophaceticus","Thermoanaerobacterales Family III. Incertae Sedis","1"
"543371","family","Thermoanaerobacterales Family III. Incertae Sedis","Thermoanaerobacterales","1"
"363265","species","Prevotella stercorea","Prevotella","1"
"28114","species","Porphyromonas levii","Porphyromonas","2"
"218139","species","Aeriscardovia aeriphila","Aeriscardovia","3"
"240233","genus","Aeriscardovia","Bifidobacteriaceae","3"
"54265","species","Carboxydothermus ferrireducens","Carboxydothermus","2"
"129957","genus","Carboxydothermus","Thermoanaerobacteraceae","2"
"138074","species","Serratia symbiotica","Serratia","1"
"613","genus","Serratia","Yersiniaceae","1"
"181070","species","Proteocatella sphenisci","Proteocatella","3"
"181069","genus","Proteocatella","Peptostreptococcaceae","3"
"70774","genus","Hydrogenophilus","Hydrogenophilaceae","1"
"206349","family","Hydrogenophilaceae","Hydrogenophilales","1"
"119069","order","Hydrogenophilales","Betaproteobacteria","1"
"35519","species","Mogibacterium timidum","Mogibacterium","4"
"235931","species","Alkalibacter saccharofermentans","Alkalibacter","1"
"274470","genus","Alkalibacter","Eubacteriaceae","1"
"1543","species","Clostridium oceanicum","Clostridium","2"
"2132","genus","Spiroplasma","Spiroplasmataceae","4"
"2131","family","Spiroplasmataceae","Entomoplasmatales","4"
"186328","order","Entomoplasmatales","Mollicutes","4"
"1537568","species","Desulfovibrio biadhensis","Desulfovibrio","4"
"1045927","species","Tapinothrix clintonii","Tapinothrix","1"
"890417","genus","Tapinothrix","Heteroleibleiniaceae","1"
"1890439","family","Heteroleibleiniaceae","Synechococcales","1"
"1890424","order","Synechococcales","Cyanobacteria","1"
"71237","species","Staphylococcus vitulinus","Staphylococcus","1"
"1279","genus","Staphylococcus","Staphylococcaceae","7"
"433338","species","Anaerocella delicata","Anaerocella","1"
"1634949","genus","Anaerocella","Rikenellaceae","1"
"1564516","species","Phaeodactylibacter luteus","Phaeodactylibacter","1"
"1564515","genus","Phaeodactylibacter","Haliscomenobacteraceae","1"
"1937961","family","Haliscomenobacteraceae","Saprospirales","1"
"1936988","order","Saprospirales","Saprospiria","1"
"1937959","class","Saprospiria","Bacteroidetes","1"
"1121829","genus","Fodinicurvata","Rhodospirillaceae","3"
"157225","species","Salinicoccus hispanicus","Salinicoccus","3"
"1517702","species","Gordonia jinhuaensis","Gordonia","1"
"79255","genus","Gordonia","Gordoniaceae","1"
"85026","family","Gordoniaceae","Corynebacteriales","1"
"1005740","species","Aminivibrio pyruvatiphilus","Aminivibrio","1"
"1427172","genus","Aminivibrio","Synergistaceae","1"
"39496","species","Eubacterium ventriosum","Eubacterium","6"
"1642","species","Listeria innocua","Listeria","1"
"69359","species","Thiohalocapsa halophila","Thiohalocapsa","1"
"85079","genus","Thiohalocapsa","Chromatiaceae","1"
"335382","genus","Thermolithobacter","Thermolithobacteraceae","1"
"455493","family","Thermolithobacteraceae","Thermolithobacterales","1"
"455492","order","Thermolithobacterales","Thermolithobacteria","1"
"455491","class","Thermolithobacteria","Firmicutes","1"
"536633","species","Blautia glucerasea","Blautia","1"
"626930","species","Bacteroides fluxus","Bacteroides","2"
"48736","genus","Ralstonia","Burkholderiaceae","1"
"119060","family","Burkholderiaceae","Burkholderiales","2"
"501496","species","Porphyromonas bennonis","Porphyromonas","7"
"234908","species","Sutterella stercoricanis","Sutterella","1"
"13","genus","Dictyoglomus","Dictyoglomaceae","1"
"203488","family","Dictyoglomaceae","Dictyoglomales","1"
"203487","order","Dictyoglomales","Dictyoglomia","1"
"203486","class","Dictyoglomia","Dictyoglomi","1"
"203486","phylum","Dictyoglomi","Bacteria","1"
"241555","species","Helcococcus sueciensis","Helcococcus","2"
"85874","species","Thermacetogenium phaeum","Thermacetogenium","1"
"140458","genus","Thermacetogenium","Thermoanaerobacteraceae","1"
"1482736","species","Acetoanaerobium pronyense","Acetoanaerobium","4"
"517","genus","Bordetella","Alcaligenaceae","1"
"31909","species","Halothermothrix orenii","Halothermothrix","6"
"32636","genus","Halothermothrix","Halanaerobiaceae","6"
"972","family","Halanaerobiaceae","Halanaerobiales","6"
"1245591","species","Mariniradius saccharolyticus","Mariniradius","1"
"1245590","genus","Mariniradius","Cyclobacteriaceae","1"
"1753","species","Propioniferax innocua","Propioniferax","1"
"53456","genus","Propioniferax","Propionibacteriaceae","1"
"1165102","species","Fluviimonas pallidilutea","Fluviimonas","1"
"1383890","genus","Fluviimonas","Cytophagaceae","1"
"29394","species","Dolosigranulum pigrum","Dolosigranulum","3"
"29393","genus","Dolosigranulum","Carnobacteriaceae","3"
"1134405","species","Melioribacter roseus","Melioribacter","1"
"1134403","genus","Melioribacter","Melioribacteraceae","1"
"1334117","family","Melioribacteraceae","Ignavibacteriales","1"
"795748","order","Ignavibacteriales","Ignavibacteria","1"
"795747","class","Ignavibacteria","Ignavibacteriae","1"
"1134404","phylum","Ignavibacteriae","Bacteria","1"
"1348092","species","Halopolyspora alba","Halopolyspora","6"
"1649455","genus","Halopolyspora","Mzabimycetaceae","6"
"1938539","family","Mzabimycetaceae","Actinopolysporales","6"
"622450","order","Actinopolysporales","Actinobacteria","6"
"55214","species","Brenneria salicis","Brenneria","1"
"71655","genus","Brenneria","Pectobacteriaceae","1"
"1903410","family","Pectobacteriaceae","Enterobacterales","2"
"871203","species","Caballeronia zhejiangensis","Caballeronia","1"
"1827195","genus","Caballeronia","Burkholderiaceae","1"
"2086","genus","Anaeroplasma","Anaeroplasmataceae","2"
"214095","species","Enterococcus canis","Enterococcus","3"
"910540","species","Leuconostoc miyukkimchii","Leuconostoc","3"
"13075","genus","Globicatella","Aerococcaceae","1"
"393921","species","Porphyromonas crevioricanis","Porphyromonas","1"
"441501","species","Corynebacterium massiliense","Corynebacterium","2"
"646273","species","Nautilia nitratireducens","Nautilia","1"
"191291","genus","Nautilia","Nautiliaceae","1"
"224467","family","Nautiliaceae","Nautiliales","1"
"235899","order","Nautiliales","Epsilonproteobacteria","1"
"29547","class","Epsilonproteobacteria","Proteobacteria","2"
"52442","species","Nitrosomonas nitrosa","Nitrosomonas","1"
"914","genus","Nitrosomonas","Nitrosomonadaceae","2"
"206379","family","Nitrosomonadaceae","Nitrosomonadales","2"
"32003","order","Nitrosomonadales","Betaproteobacteria","2"
"270498","species","Catabacter hongkongensis","Catabacter","1"
"270497","genus","Catabacter","Catabacteriaceae","1"
"424536","family","Catabacteriaceae","Clostridiales","1"
"121163","species","Actinomyces suimastitidis","Actinomyces","1"
"55969","species","Leucobacter komagatae","Leucobacter","1"
"55968","genus","Leucobacter","Microbacteriaceae","1"
"44676","species","Geothrix fermentans","Geothrix","2"
"44675","genus","Geothrix","Holophagaceae","2"
"132132","species","Desulfomicrobium orale","Desulfomicrobium","1"
"898","genus","Desulfomicrobium","Desulfomicrobiaceae","1"
"213116","family","Desulfomicrobiaceae","Desulfovibrionales","1"
"682400","species","Natranaerovirga pectinivora","Natranaerovirga","3"
"216940","species","Spiroplasma lampyridicola","Spiroplasma","2"
"259899","species","Dyadobacter hamtensis","Dyadobacter","1"
"120831","genus","Dyadobacter","Cytophagaceae","1"
"200795","class","Thermomicrobia","Chloroflexi","1"
"42322","species","Eubacterium ruminantium","Eubacterium","4"
"688867","species","Ohtaekwangia koreensis","Ohtaekwangia","1"
"1210119","genus","Ohtaekwangia","Cytophagaceae","1"
"758823","species","Vampirovibrio chlorellavorus","Vampirovibrio","1"
"213484","genus","Vampirovibrio","Bacteria","1"
"29524","species","Porphyromonas circumdentaria","Porphyromonas","1"
"44008","species","Enterococcus cecorum","Enterococcus","1"
"38289","species","Corynebacterium jeikeium","Corynebacterium","1"
"35752","species","Actinoplanes philippinensis","Actinoplanes","1"
"1865","genus","Actinoplanes","Micromonosporaceae","1"
"28056","family","Micromonosporaceae","Micromonosporales","1"
"85008","order","Micromonosporales","Actinobacteria","1"
"1297424","species","Anaerobacterium chartisolvens","Anaerobacterium","1"
"1486725","genus","Anaerobacterium","Ruminococcaceae","1"
"244573","species","Thiocapsa marina","Thiocapsa","1"
"1056","genus","Thiocapsa","Chromatiaceae","1"
"1583331","species","Porphyromonas pasteri","Porphyromonas","1"
"328812","species","Parabacteroides goldsteinii","Parabacteroides","6"
"1534","species","Clostridium kluyveri","Clostridium","6"
"182639","genus","Kribbella","Nocardioidaceae","1"
"850","species","Fusobacterium mortiferum","Fusobacterium","1"
"55080","genus","Brevibacillus","Paenibacillaceae","2"
"312278","genus","Emticicia","Cytophagaceae","1"
"1631","species","Fructobacillus fructosus","Fructobacillus","1"
"559173","genus","Fructobacillus","Leuconostocaceae","1"
"29379","species","Staphylococcus auricularis","Staphylococcus","2"
"246618","species","Bifidobacterium thermacidophilum","Bifidobacterium","5"
"908809","species","Caloramator mitchellensis","Caloramator","1"
"84109","species","Slackia exigua","Slackia","1"
"39029","species","Megasphaera cerevisiae","Megasphaera","1"
"228229","species","Lactobacillus saerimneri","Lactobacillus","1"
"90245","species","Oligella urethralis","Oligella","2"
"1537388","species","Pedobacter daejeonensis","Pedobacter","2"
"1522056","genus","Flaviflexus","Actinomycetaceae","1"
"261933","genus","Pleomorphomonas","Methylocystaceae","1"
"31993","family","Methylocystaceae","Rhizobiales","1"
"1481960","genus","Peptoclostridium","Peptostreptococcaceae","1"
"1356","species","Enterococcus sulfureus","Enterococcus","3"
"1296539","species","Lactobacillus songhuajiangensis","Lactobacillus","2"
"1346286","species","Dysgonomonas macrotermitis","Dysgonomonas","3"
"437503","species","Hahella antarctica","Hahella","3"
"158481","genus","Hahella","Hahellaceae","3"
"224379","family","Hahellaceae","Oceanospirillales","3"
"554","species","Pectobacterium carotovorum","Pectobacterium","1"
"122277","genus","Pectobacterium","Pectobacteriaceae","1"
"33007","species","Actinomyces neuii","Actinomyces","3"
"891","species","Desulfuromonas acetoxidans","Desulfuromonas","1"
"890","genus","Desulfuromonas","Desulfuromonadaceae","1"
"213421","family","Desulfuromonadaceae","Desulfuromonadales","1"
"69541","order","Desulfuromonadales","Deltaproteobacteria","1"
"1564487","species","Herbinix hemicellulosilytica","Herbinix","1"
"1663717","genus","Herbinix","Lachnospiraceae","1"
"69368","species","Microbacterium saperdae","Microbacterium","1"
"33882","genus","Microbacterium","Microbacteriaceae","1"
"102148","species","Solobacterium moorei","Solobacterium","1"
"123375","genus","Solobacterium","Erysipelotrichaceae","1"
"264636","species","Acholeplasma hippikon","Acholeplasma","1"
"212659","species","Paenisporosarcina macmurdoensis","Paenisporosarcina","1"
"651660","genus","Paenisporosarcina","Planococcaceae","1"
"893","genus","Desulfobulbus","Desulfobulbaceae","1"
"213121","family","Desulfobulbaceae","Desulfobacterales","3"
"213118","order","Desulfobacterales","Deltaproteobacteria","3"
"1247191","species","Calothrix elsteri","Calothrix","1"
"1186","genus","Calothrix","Rivulariaceae","1"
"1185","family","Rivulariaceae","Nostocales","1"
"1161","order","Nostocales","Cyanobacteria","1"
"180311","species","Hespellia stercorisuis","Hespellia","3"
"480391","species","Pediococcus argentinicus","Pediococcus","1"
"349094","species","Megasphaera sueciensis","Megasphaera","1"
"178898","genus","Carboxydocella","Clostridiales Family XVI. Incertae Sedis","2"
"543347","family","Clostridiales Family XVI. Incertae Sedis","Clostridiales","2"
"37734","species","Enterococcus casseliflavus","Enterococcus","3"
"397865","species","Barnesiella viscericola","Barnesiella","2"
"40575","species","Clostridium grantii","Clostridium","1"
"181675","species","Lactobacillus coleohominis","Lactobacillus","1"
"338193","species","Clostridium aestuarii","Clostridium","1"
"52704","species","Clostridium vincentii","Clostridium","1"
"81476","species","Pluralibacter pyrinus","Pluralibacter","1"
"1330546","genus","Pluralibacter","Enterobacteriaceae","1"
"622","species","Shigella dysenteriae","Shigella","2"
"620","genus","Shigella","Enterobacteriaceae","2"
"89959","species","Natronincola histidinovorans","Natronincola","1"
"89958","genus","Natronincola","Clostridiaceae","1"
"1123352","species","Tepidimicrobium xylanilyticum","Tepidimicrobium","5"
"285105","genus","Tepidimicrobium","Tissierellia","5"
"45361","species","Mycoplasma conjunctivae","Mycoplasma","2"
"180295","species","Atopostipes suicloacalis","Atopostipes","2"
"292480","genus","Atopostipes","Carnobacteriaceae","2"
"1461337","species","Aestuariispira insulae","Aestuariispira","1"
"1647175","genus","Aestuariispira","Rhodospirillaceae","1"
"439703","species","Prevotella maculosa","Prevotella","1"
"1544746","species","Baia soyae","Baia","1"
"1763552","genus","Baia","Thermoactinomycetaceae","1"
"182182","species","Actinobacillus scotiae","Actinobacillus","1"
"713","genus","Actinobacillus","Pasteurellaceae","1"
"54007","species","Anaerococcus octavius","Anaerococcus","1"
"165779","genus","Anaerococcus","Peptoniphilaceae","2"
"588","species","Providencia stuartii","Providencia","1"
"586","genus","Providencia","Morganellaceae","1"
"1903414","family","Morganellaceae","Enterobacterales","1"
"1365606","species","Sporosarcina siberiensis","Sporosarcina","1"
"28117","species","Alistipes putredinis","Alistipes","4"
"1547","species","Erysipelatoclostridium ramosum","Erysipelatoclostridium","2"
"1217799","species","Dehalogenimonas alkenigignens","Dehalogenimonas","1"
"670486","genus","Dehalogenimonas","Dehalococcoidia","1"
"301297","class","Dehalococcoidia","Chloroflexi","1"
"1478","species","Bacillus simplex","Bacillus","1"
"300419","species","Catellicoccus marimammalium","Catellicoccus","1"
"300418","genus","Catellicoccus","Enterococcaceae","1"
"438595","species","Gracilibacillus bigeumensis","Gracilibacillus","1"
"88132","species","Eremococcus coleocola","Eremococcus","1"
"308526","genus","Eremococcus","Aerococcaceae","1"
"759620","species","Weissella ceti","Weissella","1"
"165813","species","Sporanaerobacter acetigenes","Sporanaerobacter","1"
"165812","genus","Sporanaerobacter","Tissierellales","1"
"179628","species","Clostridium colicanis","Clostridium","1"
"33031","species","Peptoniphilus lacrimalis","Peptoniphilus","2"
"2755","genus","Brochothrix","Listeriaceae","1"
"824","species","Campylobacter gracilis","Campylobacter","1"
"194","genus","Campylobacter","Campylobacteraceae","1"
"72294","family","Campylobacteraceae","Campylobacterales","1"
"213849","order","Campylobacterales","Epsilonproteobacteria","1"
"1600","species","Lactobacillus acetotolerans","Lactobacillus","1"
"1125967","species","Brevibacillus fulvus","Brevibacillus","1"
"1437324","species","Pullulanibacillus pueri","Pullulanibacillus","4"
"475230","genus","Pullulanibacillus","Sporolactobacillaceae","4"
"186821","family","Sporolactobacillaceae","Bacillales","4"
"671218","species","Alloprevotella rava","Alloprevotella","1"
"28115","species","Porphyromonas macacae","Porphyromonas","1"
"755172","species","Peptoniphilus coxii","Peptoniphilus","2"
"99656","species","[Clostridium] fimetarium","Lachnoclostridium","1"
"1495","species","Clostridium cylindrosporum","Clostridium","2"
"190146","species","Actinotignum urinale","Actinotignum","1"
"1653174","genus","Actinotignum","Actinomycetaceae","1"
"1168039","species","Saccharicrinis carchari","Saccharicrinis","1"
"1618113","genus","Saccharicrinis","Marinilabiliaceae","1"
"748831","species","Brevifollis gellanilyticus","Brevifollis","1"
"1383070","genus","Brevifollis","Verrucomicrobiaceae","1"
"203557","family","Verrucomicrobiaceae","Verrucomicrobiales","2"
"1298","genus","Deinococcus","Deinococcaceae","1"
"183710","family","Deinococcaceae","Deinococcales","2"
"29330","genus","Alicyclobacillus","Alicyclobacillaceae","1"
"771855","species","Anoxybacillus salavatliensis","Anoxybacillus","1"
"150247","genus","Anoxybacillus","Bacillaceae","1"
"100176","species","Papillibacter cinnamivorans","Papillibacter","3"
"100175","genus","Papillibacter","Ruminococcaceae","3"
"655338","species","Fervidicella metallireducens","Fervidicella","1"
"1403538","genus","Fervidicella","Clostridiaceae","1"
"1305","species","Streptococcus sanguinis","Streptococcus","1"
"586733","species","Staphylococcus devriesei","Staphylococcus","1"
"380393","species","Lactobacillus namurensis","Lactobacillus","1"
"46125","species","Abiotrophia defectiva","Abiotrophia","2"
"46123","genus","Abiotrophia","Aerococcaceae","2"
"411577","species","Anaerococcus murdochii","Anaerococcus","1"
"1625","species","Lactobacillus sanfranciscensis","Lactobacillus","1"
"184870","species","Varibaculum cambriense","Varibaculum","3"
"184869","genus","Varibaculum","Actinomycetaceae","3"
"1652","species","Alloiococcus otitis","Alloiococcus","1"
"1651","genus","Alloiococcus","Carnobacteriaceae","1"
"387090","species","Bacteroides coprophilus","Bacteroides","2"
"425941","species","Prevotella nanceiensis","Prevotella","1"
"866673","genus","Marinifilum","Marinifilaceae","1"
"1573805","family","Marinifilaceae","Bacteroidales","1"
"82985","species","Pragia fontium","Pragia","1"
"82984","genus","Pragia","Budviciaceae","1"
"1903416","family","Budviciaceae","Enterobacterales","1"
"206045","species","Vulcanithermus mediatlanticus","Vulcanithermus","1"
"206044","genus","Vulcanithermus","Thermaceae","1"
"35700","species","Heliophilum fasciatum","Heliophilum","1"
"150818","genus","Heliophilum","Heliobacteriaceae","1"
"85404","species","Mannheimia varigena","Mannheimia","1"
"75984","genus","Mannheimia","Pasteurellaceae","1"
"82976","genus","Buttiauxella","Enterobacteriaceae","1"
"1330547","genus","Kosakonia","Enterobacteriaceae","1"
"271420","species","Pseudomonas xanthomarina","Pseudomonas","1"
"29323","species","Thermoanaerobacter brockii","Thermoanaerobacter","1"
"1754","genus","Thermoanaerobacter","Thermoanaerobacteraceae","1"
"91623","species","Clostridium akagii","Clostridium","2"
"1522","species","[Clostridium] innocuum","Erysipelatoclostridium","2"
"907224","species","Peptoniphilus methioninivorax","Peptoniphilus","2"
"103891","species","Veillonella criceti","Veillonella","1"
"320933","genus","Salinibacillus","Bacillaceae","2"
"718192","species","Litorilituus sediminis","Litorilituus","1"
"1407056","genus","Litorilituus","Colwelliaceae","1"
"267889","family","Colwelliaceae","Alteromonadales","1"
"135622","order","Alteromonadales","Gammaproteobacteria","1"
"171436","genus","Tistrella","Rhodospirillaceae","1"
"53444","species","Lactobacillus lindneri","Lactobacillus","1"
"1408155","species","Hoppeia youngheungensis","Hoppeia","1"
"1541817","genus","Hoppeia","Flavobacteriaceae","1"
"610251","species","Lactococcus fujiensis","Lactococcus","1"
"253160","species","Planomicrobium stackebrandtii","Planomicrobium","1"
"162291","genus","Planomicrobium","Planococcaceae","1"
"41273","genus","Tissierella","Tissierellaceae","1"
"1737406","family","Tissierellaceae","Tissierellales","1"
"301585","species","Spiroplasma platyhelix","Spiroplasma","1"
"626935","species","Collinsella tanakaei","Collinsella","1"
"456492","genus","Saccharibacillus","Paenibacillaceae","1"
"68","genus","Lysobacter","Xanthomonadaceae","1"
"32033","family","Xanthomonadaceae","Xanthomonadales","1"
"118882","family","Brucellaceae","Rhizobiales","1"
"575978","species","Desulfovibrio idahonensis","Desulfovibrio","1"
"502393","species","Gemella asaccharolytica","Gemella","3"
"453581","species","Thiophaeococcus mangrovi","Thiophaeococcus","1"
"453580","genus","Thiophaeococcus","Chromatiaceae","1"
"1069813","species","Bacillus berkeleyi","Bacillus","1"
"85021","family","Intrasporangiaceae","Micrococcales","1"
"178338","species","Sedimentibacter hongkongensis","Sedimentibacter","1"
"190972","genus","Sedimentibacter","Tissierellia","1"
"464322","species","Veillonella magna","Veillonella","1"
"1457217","species","Lactobacillus plajomi","Lactobacillus","1"
"173040","species","Amphibacillus tropicus","Amphibacillus","1"
"29331","genus","Amphibacillus","Bacillaceae","1"
"1370","genus","Marinococcus","Bacillaceae","1"
"46126","species","Staphylococcus chromogenes","Staphylococcus","1"
"995053","species","Mangroviflexus xiamenensis","Mangroviflexus","1"
"1434020","genus","Mangroviflexus","Marinilabiliaceae","1"
"1472764","species","Kallipyga massiliensis","Kallipyga","1"
"1472763","genus","Kallipyga","Tissierellia","1"
"469","genus","Acinetobacter","Moraxellaceae","1"
"1299998","species","Olsenella scatoligenes","Olsenella","1"
"35830","species","Acetivibrio cellulolyticus","Acetivibrio","1"
"99675","species","Clostridium putrefaciens","Clostridium","1"
"1216062","species","Desulfotomaculum tongense","Desulfotomaculum","1"
"1693","species","Bifidobacterium minimum","Bifidobacterium","1"
"454144","species","Persicirhabdus sediminis","Persicirhabdus","1"
"518754","genus","Persicirhabdus","Verrucomicrobiaceae","1"
"400065","species","Streptococcus merionis","Streptococcus","1"
"552","species","Erwinia amylovora","Erwinia","1"
"551","genus","Erwinia","Erwiniaceae","1"
"1903409","family","Erwiniaceae","Enterobacterales","1"
"1628157","species","Carboxylicivirga linearis","Carboxylicivirga","1"
"1628153","genus","Carboxylicivirga","Marinilabiliaceae","1"
"1484","species","Hydrogenibacillus schlegelii","Hydrogenibacillus","1"
"1609627","genus","Hydrogenibacillus","Bacillaceae","1"
"87645","species","Aquaspirillum arcticum","Oxalobacteraceae","1"
"490089","species","Cerasicoccus maritimus","Cerasicoccus","1"
"2013","genus","Nocardiopsis","Nocardiopsaceae","1"
"83676","family","Nocardiopsaceae","Streptosporangiales","1"
"85012","order","Streptosporangiales","Actinobacteria","1"